{
	"__comment": "Designed by Wiiv with Cubik Studio - https://cubik.studio",
	"parent": "block/block",
	"textures": {
		"particle": "psi:blocks/cad_assembler_top",
		"0": "psi:blocks/cad_assembler_side",
		"1": "psi:blocks/cad_assembler_top",
		"2": "psi:blocks/cad_assembler_bottom"
	},
	"elements": [ 	 
		{
			"from": [ 2, 0, 2 ],
			"to": [ 14, 2, 14 ],
			"faces": {
				"down": { "uv": [ 0.01, 0.01000023, 15.99, 15.99 ], "texture": "#2" },
				"up": { "uv": [ 0.01, 0.01000023, 15.99, 15.99 ], "texture": "#2" },
				"north": { "uv": [ 2, 14.01, 13.99, 16 ], "texture": "#0" },
				"south": { "uv": [ 2, 14, 14, 16 ], "texture": "#0" },
				"west": { "uv": [ 2, 14.01, 13.99, 16 ], "texture": "#0" },
				"east": { "uv": [ 2, 14.01, 14, 16 ], "texture": "#0" }
			}
		},
		{
			"from": [ 4, 2, 4 ],
			"to": [ 12, 6, 12 ],
			"faces": {
				"north": { "uv": [ 4, 10, 12, 14 ], "texture": "#0" },
				"south": { "uv": [ 4, 10, 12, 14 ], "texture": "#0" },
				"west": { "uv": [ 4, 10, 12, 14 ], "texture": "#0" },
				"east": { "uv": [ 4, 10, 12, 14 ], "texture": "#0" }
			}
		},
		{
			"from": [ 0, 6, 0 ],
			"to": [ 16, 16, 16 ],
			"faces": {
				"down": { "uv": [ 0.01, 0.01000023, 15.99, 15.99 ], "texture": "#2" },
				"up": { "uv": [ 0.01, 0.01000023, 15.99, 15.99 ], "texture": "#1" },
				"north": { "uv": [ 0.01, 0.01000023, 16, 10 ], "texture": "#0" },
				"south": { "uv": [ 0.01, 0.01000023, 16, 10 ], "texture": "#0" },
				"west": { "uv": [ 0.01, 0.01000023, 16, 10 ], "texture": "#0" },
				"east": { "uv": [ 0.01, 0.01000023, 16, 10 ], "texture": "#0" }
			}
		}
	]
}