{
    "__comment": "_model generated using _mr_crayfish's _model _creator (http://mrcrayfish.com/modelcreator/)",
    "textures": {
        "layer1": "psi:items/cad_color"
    },
    "elements": [
        {
            "name": "_barrel1",
            "from": [ -10.0, 8.0, 5.5 ], 
            "to": [ 10.0, 11.0, 10.5 ], 
            "faces": {
                "north": { "texture": "#layer0", "uv": [ 0.0, 11.0, 10.0, 12.5 ] },
                "east": { "texture": "#layer0", "uv": [ 13.5, 6.5, 16.0, 8.0 ] },
                "south": { "texture": "#layer0", "uv": [ 0.0, 12.5, 10.0, 11.0 ], "rotation": 180 },
                "west": { "texture": "#layer0", "uv": [ 11.0, 10.0, 13.5, 11.5 ] },
                "up": { "texture": "#layer0", "uv": [ 13.5, 0.0, 16.0, 8.0 ], "rotation": 90, "cullface": "up" },
                "down": { "texture": "#layer0", "uv": [ 13.5, 10.0, 16.0, 0.0 ], "rotation": 270 }
            }
        },
        {
            "name": "_barrel2",
            "from": [ -10.0, 11.0, 5.5 ], 
            "to": [ 4.0, 14.0, 10.5 ], 
            "faces": {
                "north": { "texture": "#layer0", "uv": [ 0.0, 8.5, 7.0, 10.0 ] },
                "east": { "texture": "#layer0", "uv": [ 0.0, 8.5, 2.5, 10.0 ] },
                "south": { "texture": "#layer0", "uv": [ 7.0, 8.5, 0.0, 10.0 ] },
                "west": { "texture": "#layer0", "uv": [ 0.0, 7.0, 2.5, 8.5 ] },
                "up": { "texture": "#layer0", "uv": [ 0.0, 0.0, 2.5, 7.0 ], "rotation": 90 }
            }
        },
        {
            "name": "_barrel3",
            "from": [ 4.0, 12.0, 5.5 ], 
            "to": [ 18.0, 14.0, 10.5 ], 
            "faces": {
                "north": { "texture": "#layer0", "uv": [ 0.0, 10.0, 7.0, 11.0 ] },
                "east": { "texture": "#layer0", "uv": [ 5.0, 10.0, 7.5, 11.0 ] },
                "south": { "texture": "#layer0", "uv": [ 7.0, 10.0, 0.0, 11.0 ] },
                "west": { "texture": "#layer0", "uv": [ 0.0, 0.0, 5.0, 5.0 ] },
                "up": { "texture": "#layer0", "uv": [ 8.5, 0.0, 11.0, 7.0 ], "rotation": 90 },
                "down": { "texture": "#layer0", "uv": [ 8.5, 0.0, 11.0, 7.0 ], "rotation": 90 }
            }
        },
        {
            "name": "_barrel4",
            "from": [ 10.0, 9.0, 5.5 ], 
            "to": [ 18.0, 11.0, 10.5 ], 
            "faces": {
                "north": { "texture": "#layer0", "uv": [ 9.0, 11.0, 5.0, 12.0 ] },
                "east": { "texture": "#layer0", "uv": [ 0.0, 7.0, 2.5, 8.0 ] },
                "south": { "texture": "#layer0", "uv": [ 5.0, 11.0, 9.0, 12.0 ] },
                "up": { "texture": "#layer0", "uv": [ 8.5, 7.0, 11.0, 2.0 ], "rotation": 90 },
                "down": { "texture": "#layer0", "uv": [ 11.0, 0.0, 14.0, 5.0 ] }
            }
        },
        {
            "name": "_strap",
            "from": [ 14.0, -5.0, 6.5 ], 
            "to": [ 19.0, 9.0, 9.5 ], 
            "rotation": { "origin": [ 8.0, 8.0, 8.0 ], "axis": "z", "angle": 22.5 },
            "faces": {
                "north": { "texture": "#layer0", "uv": [ 2.5, 0.0, 5.0, 7.0 ] },
                "east": { "texture": "#layer0", "uv": [ 6.5, 0.0, 8.0, 7.0 ] },
                "south": { "texture": "#layer0", "uv": [ 2.5, 0.0, 5.0, 7.0 ] },
                "west": { "texture": "#layer0", "uv": [ 5.0, 0.0, 6.5, 7.0 ] },
                "up": { "texture": "#layer0", "uv": [ 0.0, 0.0, 5.0, 3.0 ] },
                "down": { "texture": "#layer0", "uv": [ 0.0, 0.0, 5.0, 3.0 ] }
            }
        },
        {
            "name": "_magazine",
            "from": [ 13.0, -6.0, 6.5 ], 
            "to": [ 19.0, -5.0, 9.5 ], 
            "rotation": { "origin": [ 8.0, 8.0, 8.0 ], "axis": "z", "angle": 22.5 },
            "faces": {
                "north": { "texture": "#layer0", "uv": [ 11.0, 8.0, 14.0, 8.5 ] },
                "east": { "texture": "#layer0", "uv": [ 11.0, 8.0, 12.5, 8.5 ] },
                "south": { "texture": "#layer0", "uv": [ 11.0, 8.0, 14.0, 8.5 ] },
                "west": { "texture": "#layer0", "uv": [ 11.0, 8.0, 12.5, 8.5 ] },
                "up": { "texture": "#layer0", "uv": [ 11.0, 7.0, 14.0, 8.5 ] },
                "down": { "texture": "#layer0", "uv": [ 11.0, 7.0, 14.0, 8.5 ], "rotation": 90 }
            }
        },
        {
            "name": "_trigger _guard1",
            "from": [ 10.0, 6.0, 7.0 ], 
            "to": [ 16.0, 7.0, 9.0 ], 
            "faces": {
                "north": { "texture": "#layer0", "uv": [ 11.5, 8.0, 13.5, 8.5 ] },
                "south": { "texture": "#layer0", "uv": [ 11.0, 8.0, 13.5, 8.5 ] },
                "west": { "texture": "#layer0", "uv": [ 11.0, 8.0, 12.0, 8.5 ] },
                "up": { "texture": "#layer0", "uv": [ 11.0, 7.5, 13.5, 8.5 ] },
                "down": { "texture": "#layer0", "uv": [ 11.0, 7.5, 13.5, 8.5 ] }
            }
        },
        {
            "name": "_trigger",
            "from": [ 13.0, 7.0, 7.5 ], 
            "to": [ 16.0, 9.0, 8.5 ], 
            "faces": {
                "north": { "texture": "#layer0", "uv": [ 0.0, 12.5, 1.0, 13.5 ] },
                "south": { "texture": "#layer0", "uv": [ 1.5, 12.5, 2.5, 13.5 ] },
                "west": { "texture": "#layer0", "uv": [ 1.0, 12.5, 1.5, 13.5 ] }
            }
        },
        {
            "name": "_trigger _guard2",
            "from": [ 10.0, 7.0, 7.0 ], 
            "to": [ 11.0, 9.0, 9.0 ], 
            "faces": {
                "north": { "texture": "#layer0", "uv": [ 11.0, 7.0, 11.5, 8.0 ] },
                "east": { "texture": "#layer0", "uv": [ 11.0, 7.0, 12.0, 8.0 ] },
                "south": { "texture": "#layer0", "uv": [ 11.0, 7.0, 11.5, 8.0 ] },
                "west": { "texture": "#layer0", "uv": [ 11.0, 7.0, 12.0, 8.0 ] },
                "up": { "texture": "#-1", "uv": [ 0.0, 0.0, 8.0, 5.0 ] }
            }
        },
        {
            "name": "_colorizer",
            "from": [ 3.5, 11.0, 6.0 ], 
            "to": [ 17.5, 12.0, 10.0 ], 
            "faces": {
                "north": { "texture": "#layer1", "uv": [ 0.0, 0.0, 8.0, 5.0 ] },
                "east": { "texture": "#layer1", "uv": [ 0.0, 0.0, 5.0, 5.0 ] },
                "south": { "texture": "#layer1", "uv": [ 0.0, 0.0, 8.0, 5.0 ] },
                "west": { "texture": "#layer1", "uv": [ 0.0, 0.0, 5.0, 5.0 ] },
                "up": { "texture": "#layer1", "uv": [ 0.0, 0.0, 8.0, 5.0 ] },
                "down": { "texture": "#layer1", "uv": [ 0.0, 0.0, 8.0, 5.0 ] }
            }
        }
    ],
    "display": {
    "gui": {
      "rotation": [ 0, -20, -40 ],
      "translation": [ 0, 0, 0 ],
      "scale": [ 0.4, 0.4, 0.4 ]
    },
    "ground": {
      "rotation": [ 0, 0, 0 ],
      "translation": [ 0, 0, 0 ],
      "scale": [ 0.4, 0.4, 0.4 ]
    },
    "fixed": {
      "rotation": [ 0, 0, 0 ],
      "translation": [ 0, 0, 0 ],
      "scale": [ 0.45, 0.45, 0.45 ]
    },
    "thirdperson_lefthand": {
      "rotation": [ 0, 90, 0 ],
      "translation": [ 0, -0.15, -1.95 ],
      "scale": [ 0.4, 0.4, 0.4 ]
    },
    "thirdperson_righthand": {
      "rotation": [ 0, -90, 0 ],
      "translation": [ 0, -0.15, -1.95 ],
      "scale": [ 0.4, 0.4, 0.4 ]
    },
    "firstperson_lefthand": {
      "rotation": [ 10, 80, -5 ],
      "translation": [ 0.8, 2.5, 0 ],
      "scale": [ 0.45, 0.45, 0.45 ]
    },
    "firstperson_righthand": {
      "rotation": [ 10, -80, 5 ],
      "translation": [ -1.8, 2.5, 0 ],
      "scale": [ 0.45, 0.45, 0.45 ]
    }
  }
}